doctorName,email,phoneNumber,age,gender,specialisation,hospitalName,branch,time,password
DoctorY323,doctory323@gmail.com,9231220236,31,Female,oncology,star hospitals,banjara hills,10:00 AM-01:00 PM/4:00 PM-7:00 PM,Pot@123
DoctorP904,doctorp904@gmail.com,9103834054,39,Female,oncology,star hospitals,banjara hills,10:00 AM-01:00 PM/4:00 PM-7:00 PM,Pot@123
DoctorC813,doctorc813@gmail.com,9179052775,53,Male,nephrology,star hospitals,banjara hills,10:00 AM-01:00 PM/4:00 PM-7:00 PM,Pot@123
DoctorR946,doctorr946@gmail.com,9724862204,46,Female,nephrology,star hospitals,banjara hills,10:00 AM-01:00 PM/4:00 PM-7:00 PM,Pot@123
DoctorY145,doctory145@gmail.com,9378930491,34,Male,neurology,star hospitals,banjara hills,10:00 AM-01:00 PM/4:00 PM-7:00 PM,Pot@123
DoctorL213,doctorl213@gmail.com,9514645965,43,Male,neurology,star hospitals,banjara hills,10:00 AM-01:00 PM/4:00 PM-7:00 PM,Pot@123
DoctorU931,doctoru931@gmail.com,9325050233,43,Male,cardiology,star hospitals,banjara hills,10:00 AM-01:00 PM/4:00 PM-7:00 PM,Pot@123
DoctorY613,doctory613@gmail.com,9545328415,31,Male,cardiology,star hospitals,banjara hills,10:00 AM-01:00 PM/4:00 PM-7:00 PM,Pot@123
DoctorY973,doctory973@gmail.com,9406085861,60,Male,oncology,star hospitals,secunderabad,10:00 AM-01:00 PM/4:00 PM-7:00 PM,Pot@123
DoctorD340,doctord340@gmail.com,9974566686,51,Male,oncology,star hospitals,secunderabad,10:00 AM-01:00 PM/4:00 PM-7:00 PM,Pot@123
DoctorG761,doctorg761@gmail.com,9113140235,47,Male,nephrology,star hospitals,secunderabad,10:00 AM-01:00 PM/4:00 PM-7:00 PM,Pot@123
DoctorO159,doctoro159@gmail.com,9769123803,38,Male,nephrology,star hospitals,secunderabad,10:00 AM-01:00 PM/4:00 PM-7:00 PM,Pot@123
DoctorV917,doctorv917@gmail.com,9734568493,55,Male,neurology,star hospitals,secunderabad,10:00 AM-01:00 PM/4:00 PM-7:00 PM,Pot@123
DoctorV634,doctorv634@gmail.com,9527889953,33,Male,neurology,star hospitals,secunderabad,10:00 AM-01:00 PM/4:00 PM-7:00 PM,Pot@123
DoctorF723,doctorf723@gmail.com,9120233724,30,Male,cardiology,star hospitals,secunderabad,10:00 AM-01:00 PM/4:00 PM-7:00 PM,Pot@123
DoctorX112,doctorx112@gmail.com,9548258538,33,Male,cardiology,star hospitals,secunderabad,10:00 AM-01:00 PM/4:00 PM-7:00 PM,Pot@123
DoctorL162,doctorl162@gmail.com,9733920693,31,Female,gastroenterology,star hospitals,jubilee hills,10:00 AM-01:00 PM/4:00 PM-7:00 PM,Pot@123
DoctorM681,doctorm681@gmail.com,9484831928,43,Female,gastroenterology,star hospitals,jubilee hills,10:00 AM-01:00 PM/4:00 PM-7:00 PM,Pot@123
DoctorO600,doctoro600@gmail.com,9423229248,39,Female,oncology,star hospitals,jubilee hills,10:00 AM-01:00 PM/4:00 PM-7:00 PM,Pot@123
DoctorC217,doctorc217@gmail.com,9974270340,59,Female,oncology,star hospitals,jubilee hills,10:00 AM-01:00 PM/4:00 PM-7:00 PM,Pot@123
DoctorW755,doctorw755@gmail.com,9673888702,52,Male,nephrology,star hospitals,jubilee hills,10:00 AM-01:00 PM/4:00 PM-7:00 PM,Pot@123
DoctorZ343,doctorz343@gmail.com,9463088558,35,Male,nephrology,star hospitals,jubilee hills,10:00 AM-01:00 PM/4:00 PM-7:00 PM,Pot@123
DoctorI733,doctori733@gmail.com,9291904350,42,Female,cardiology,star hospitals,jubilee hills,10:00 AM-01:00 PM/4:00 PM-7:00 PM,Pot@123
DoctorY868,doctory868@gmail.com,9829749810,38,Female,cardiology,star hospitals,jubilee hills,10:00 AM-01:00 PM/4:00 PM-7:00 PM,Pot@123
DoctorZ681,doctorz681@gmail.com,9713412146,49,Male,gastroenterology,star hospitals,malakpet,10:00 AM-01:00 PM/4:00 PM-7:00 PM,Pot@123
DoctorJ526,doctorj526@gmail.com,9291994652,45,Female,gastroenterology,star hospitals,malakpet,10:00 AM-01:00 PM/4:00 PM-7:00 PM,Pot@123
DoctorI595,doctori595@gmail.com,9361089861,38,Male,oncology,star hospitals,malakpet,10:00 AM-01:00 PM/4:00 PM-7:00 PM,Pot@123
DoctorD591,doctord591@gmail.com,9797704595,46,Male,oncology,star hospitals,malakpet,10:00 AM-01:00 PM/4:00 PM-7:00 PM,Pot@123
DoctorD419,doctord419@gmail.com,9417063493,37,Male,neurology,star hospitals,malakpet,10:00 AM-01:00 PM/4:00 PM-7:00 PM,Pot@123
DoctorP189,doctorp189@gmail.com,9160949475,59,Male,neurology,star hospitals,malakpet,10:00 AM-01:00 PM/4:00 PM-7:00 PM,Pot@123
DoctorT324,doctort324@gmail.com,9184193801,54,Male,cardiology,star hospitals,malakpet,10:00 AM-01:00 PM/4:00 PM-7:00 PM,Pot@123
DoctorI110,doctori110@gmail.com,9538768361,49,Male,cardiology,star hospitals,malakpet,10:00 AM-01:00 PM/4:00 PM-7:00 PM,Pot@123
DoctorB756,doctorb756@gmail.com,9205988540,39,Male,gastroenterology,star hospitals,gachibowli,10:00 AM-01:00 PM/4:00 PM-7:00 PM,Pot@123
DoctorQ444,doctorq444@gmail.com,9957263072,57,Male,gastroenterology,star hospitals,gachibowli,10:00 AM-01:00 PM/4:00 PM-7:00 PM,Pot@123
DoctorC295,doctorc295@gmail.com,9563660140,53,Female,nephrology,star hospitals,gachibowli,10:00 AM-01:00 PM/4:00 PM-7:00 PM,Pot@123
DoctorD157,doctord157@gmail.com,9766036146,39,Male,nephrology,star hospitals,gachibowli,10:00 AM-01:00 PM/4:00 PM-7:00 PM,Pot@123
DoctorU891,doctoru891@gmail.com,9150446433,55,Female,neurology,star hospitals,gachibowli,10:00 AM-01:00 PM/4:00 PM-7:00 PM,Pot@123
DoctorS788,doctors788@gmail.com,9715979394,41,Male,neurology,star hospitals,gachibowli,10:00 AM-01:00 PM/4:00 PM-7:00 PM,Pot@123
DoctorX487,doctorx487@gmail.com,9226968862,47,Male,cardiology,star hospitals,gachibowli,10:00 AM-01:00 PM/4:00 PM-7:00 PM,Pot@123
DoctorT142,doctort142@gmail.com,9768663502,42,Male,cardiology,star hospitals,gachibowli,10:00 AM-01:00 PM/4:00 PM-7:00 PM,Pot@123
DoctorR347,doctorr347@gmail.com,9108816143,41,Female,oncology,yashoda hospitals,banjara hills,10:00 AM-01:00 PM/4:00 PM-7:00 PM,Pot@123
DoctorZ263,doctorz263@gmail.com,9366328368,31,Female,oncology,yashoda hospitals,banjara hills,10:00 AM-01:00 PM/4:00 PM-7:00 PM,Pot@123
DoctorT985,doctort985@gmail.com,9579492160,36,Female,nephrology,yashoda hospitals,banjara hills,10:00 AM-01:00 PM/4:00 PM-7:00 PM,Pot@123
DoctorR447,doctorr447@gmail.com,9993590393,40,Female,nephrology,yashoda hospitals,banjara hills,10:00 AM-01:00 PM/4:00 PM-7:00 PM,Pot@123
DoctorH226,doctorh226@gmail.com,9870127537,59,Female,neurology,yashoda hospitals,banjara hills,10:00 AM-01:00 PM/4:00 PM-7:00 PM,Pot@123
DoctorE699,doctore699@gmail.com,9391175139,39,Female,neurology,yashoda hospitals,banjara hills,10:00 AM-01:00 PM/4:00 PM-7:00 PM,Pot@123
DoctorJ643,doctorj643@gmail.com,9270578191,33,Female,cardiology,yashoda hospitals,banjara hills,10:00 AM-01:00 PM/4:00 PM-7:00 PM,Pot@123
DoctorX298,doctorx298@gmail.com,9126731506,37,Male,cardiology,yashoda hospitals,banjara hills,10:00 AM-01:00 PM/4:00 PM-7:00 PM,Pot@123
DoctorQ638,doctorq638@gmail.com,9107779516,33,Female,oncology,yashoda hospitals,secunderabad,10:00 AM-01:00 PM/4:00 PM-7:00 PM,Pot@123
DoctorM664,doctorm664@gmail.com,9901126620,58,Male,oncology,yashoda hospitals,secunderabad,10:00 AM-01:00 PM/4:00 PM-7:00 PM,Pot@123
DoctorJ688,doctorj688@gmail.com,9585467508,41,Female,nephrology,yashoda hospitals,secunderabad,10:00 AM-01:00 PM/4:00 PM-7:00 PM,Pot@123
DoctorS736,doctors736@gmail.com,9371207123,40,Male,nephrology,yashoda hospitals,secunderabad,10:00 AM-01:00 PM/4:00 PM-7:00 PM,Pot@123
DoctorI709,doctori709@gmail.com,9106052161,35,Male,neurology,yashoda hospitals,secunderabad,10:00 AM-01:00 PM/4:00 PM-7:00 PM,Pot@123
DoctorP783,doctorp783@gmail.com,9651055040,51,Female,neurology,yashoda hospitals,secunderabad,10:00 AM-01:00 PM/4:00 PM-7:00 PM,Pot@123
DoctorQ371,doctorq371@gmail.com,9570248675,59,Male,cardiology,yashoda hospitals,secunderabad,10:00 AM-01:00 PM/4:00 PM-7:00 PM,Pot@123
DoctorZ934,doctorz934@gmail.com,9176967017,56,Male,cardiology,yashoda hospitals,secunderabad,10:00 AM-01:00 PM/4:00 PM-7:00 PM,Pot@123
DoctorR167,doctorr167@gmail.com,9782641213,39,Male,gastroenterology,yashoda hospitals,jubilee hills,10:00 AM-01:00 PM/4:00 PM-7:00 PM,Pot@123
DoctorR724,doctorr724@gmail.com,9991805091,40,Female,gastroenterology,yashoda hospitals,jubilee hills,10:00 AM-01:00 PM/4:00 PM-7:00 PM,Pot@123
DoctorP856,doctorp856@gmail.com,9271522892,57,Male,oncology,yashoda hospitals,jubilee hills,10:00 AM-01:00 PM/4:00 PM-7:00 PM,Pot@123
DoctorS239,doctors239@gmail.com,9207085287,47,Male,oncology,yashoda hospitals,jubilee hills,10:00 AM-01:00 PM/4:00 PM-7:00 PM,Pot@123
DoctorP798,doctorp798@gmail.com,9574502598,36,Female,nephrology,yashoda hospitals,jubilee hills,10:00 AM-01:00 PM/4:00 PM-7:00 PM,Pot@123
DoctorG809,doctorg809@gmail.com,9521934845,53,Male,nephrology,yashoda hospitals,jubilee hills,10:00 AM-01:00 PM/4:00 PM-7:00 PM,Pot@123
DoctorY534,doctory534@gmail.com,9236516961,57,Male,cardiology,yashoda hospitals,jubilee hills,10:00 AM-01:00 PM/4:00 PM-7:00 PM,Pot@123
DoctorC415,doctorc415@gmail.com,9117506833,39,Female,cardiology,yashoda hospitals,jubilee hills,10:00 AM-01:00 PM/4:00 PM-7:00 PM,Pot@123
DoctorX896,doctorx896@gmail.com,9921759000,32,Male,gastroenterology,yashoda hospitals,malakpet,10:00 AM-01:00 PM/4:00 PM-7:00 PM,Pot@123
DoctorU611,doctoru611@gmail.com,9727855409,46,Male,gastroenterology,yashoda hospitals,malakpet,10:00 AM-01:00 PM/4:00 PM-7:00 PM,Pot@123
DoctorP507,doctorp507@gmail.com,9804369469,46,Male,oncology,yashoda hospitals,malakpet,10:00 AM-01:00 PM/4:00 PM-7:00 PM,Pot@123
DoctorE971,doctore971@gmail.com,9770917756,40,Male,oncology,yashoda hospitals,malakpet,10:00 AM-01:00 PM/4:00 PM-7:00 PM,Pot@123
DoctorV309,doctorv309@gmail.com,9342534689,45,Female,neurology,yashoda hospitals,malakpet,10:00 AM-01:00 PM/4:00 PM-7:00 PM,Pot@123
DoctorQ811,doctorq811@gmail.com,9161840426,36,Female,neurology,yashoda hospitals,malakpet,10:00 AM-01:00 PM/4:00 PM-7:00 PM,Pot@123
DoctorH900,doctorh900@gmail.com,9417010057,45,Female,cardiology,yashoda hospitals,malakpet,10:00 AM-01:00 PM/4:00 PM-7:00 PM,Pot@123
DoctorS383,doctors383@gmail.com,9915891512,56,Male,cardiology,yashoda hospitals,malakpet,10:00 AM-01:00 PM/4:00 PM-7:00 PM,Pot@123
DoctorK879,doctork879@gmail.com,9964545557,47,Male,gastroenterology,yashoda hospitals,gachibowli,10:00 AM-01:00 PM/4:00 PM-7:00 PM,Pot@123
DoctorP762,doctorp762@gmail.com,9709985788,38,Male,gastroenterology,yashoda hospitals,gachibowli,10:00 AM-01:00 PM/4:00 PM-7:00 PM,Pot@123
DoctorZ600,doctorz600@gmail.com,9847110647,47,Male,nephrology,yashoda hospitals,gachibowli,10:00 AM-01:00 PM/4:00 PM-7:00 PM,Pot@123
DoctorR687,doctorr687@gmail.com,9814042853,37,Female,nephrology,yashoda hospitals,gachibowli,10:00 AM-01:00 PM/4:00 PM-7:00 PM,Pot@123
DoctorC595,doctorc595@gmail.com,9646041591,48,Female,neurology,yashoda hospitals,gachibowli,10:00 AM-01:00 PM/4:00 PM-7:00 PM,Pot@123
DoctorQ895,doctorq895@gmail.com,9749489660,49,Male,neurology,yashoda hospitals,gachibowli,10:00 AM-01:00 PM/4:00 PM-7:00 PM,Pot@123
DoctorW710,doctorw710@gmail.com,9868250752,33,Female,cardiology,yashoda hospitals,gachibowli,10:00 AM-01:00 PM/4:00 PM-7:00 PM,Pot@123
DoctorU130,doctoru130@gmail.com,9314933094,35,Female,cardiology,yashoda hospitals,gachibowli,10:00 AM-01:00 PM/4:00 PM-7:00 PM,Pot@123
DoctorV180,doctorv180@gmail.com,9793230171,34,Female,oncology,apollo hospitals,banjara hills,10:00 AM-01:00 PM/4:00 PM-7:00 PM,Pot@123
DoctorR934,doctorr934@gmail.com,9886852651,44,Female,oncology,apollo hospitals,banjara hills,10:00 AM-01:00 PM/4:00 PM-7:00 PM,Pot@123
DoctorB251,doctorb251@gmail.com,9575209899,32,Male,nephrology,apollo hospitals,banjara hills,10:00 AM-01:00 PM/4:00 PM-7:00 PM,Pot@123
DoctorP492,doctorp492@gmail.com,9142399915,32,Female,nephrology,apollo hospitals,banjara hills,10:00 AM-01:00 PM/4:00 PM-7:00 PM,Pot@123
DoctorB896,doctorb896@gmail.com,9403405519,39,Male,neurology,apollo hospitals,banjara hills,10:00 AM-01:00 PM/4:00 PM-7:00 PM,Pot@123
DoctorD353,doctord353@gmail.com,9437647720,30,Male,neurology,apollo hospitals,banjara hills,10:00 AM-01:00 PM/4:00 PM-7:00 PM,Pot@123
DoctorH993,doctorh993@gmail.com,9532280732,43,Male,cardiology,apollo hospitals,banjara hills,10:00 AM-01:00 PM/4:00 PM-7:00 PM,Pot@123
DoctorB573,doctorb573@gmail.com,9113159874,43,Male,cardiology,apollo hospitals,banjara hills,10:00 AM-01:00 PM/4:00 PM-7:00 PM,Pot@123
DoctorM513,doctorm513@gmail.com,9206715350,34,Female,oncology,apollo hospitals,secunderabad,10:00 AM-01:00 PM/4:00 PM-7:00 PM,Pot@123
DoctorN813,doctorn813@gmail.com,9971123754,50,Female,oncology,apollo hospitals,secunderabad,10:00 AM-01:00 PM/4:00 PM-7:00 PM,Pot@123
DoctorS786,doctors786@gmail.com,9969265304,41,Female,nephrology,apollo hospitals,secunderabad,10:00 AM-01:00 PM/4:00 PM-7:00 PM,Pot@123
DoctorC684,doctorc684@gmail.com,9197708237,56,Male,nephrology,apollo hospitals,secunderabad,10:00 AM-01:00 PM/4:00 PM-7:00 PM,Pot@123
DoctorB503,doctorb503@gmail.com,9399216999,46,Male,neurology,apollo hospitals,secunderabad,10:00 AM-01:00 PM/4:00 PM-7:00 PM,Pot@123
DoctorA230,doctora230@gmail.com,9785479418,41,Male,neurology,apollo hospitals,secunderabad,10:00 AM-01:00 PM/4:00 PM-7:00 PM,Pot@123
DoctorT814,doctort814@gmail.com,9625736354,50,Female,cardiology,apollo hospitals,secunderabad,10:00 AM-01:00 PM/4:00 PM-7:00 PM,Pot@123
DoctorM308,doctorm308@gmail.com,9173471865,53,Female,cardiology,apollo hospitals,secunderabad,10:00 AM-01:00 PM/4:00 PM-7:00 PM,Pot@123
DoctorZ358,doctorz358@gmail.com,9569980085,38,Female,gastroenterology,apollo hospitals,jubilee hills,10:00 AM-01:00 PM/4:00 PM-7:00 PM,Pot@123
DoctorK982,doctork982@gmail.com,9912076767,58,Female,gastroenterology,apollo hospitals,jubilee hills,10:00 AM-01:00 PM/4:00 PM-7:00 PM,Pot@123
DoctorY196,doctory196@gmail.com,9290548599,52,Male,oncology,apollo hospitals,jubilee hills,10:00 AM-01:00 PM/4:00 PM-7:00 PM,Pot@123
DoctorM568,doctorm568@gmail.com,9122309172,31,Female,oncology,apollo hospitals,jubilee hills,10:00 AM-01:00 PM/4:00 PM-7:00 PM,Pot@123
DoctorE689,doctore689@gmail.com,9552541775,35,Male,nephrology,apollo hospitals,jubilee hills,10:00 AM-01:00 PM/4:00 PM-7:00 PM,Pot@123
DoctorR740,doctorr740@gmail.com,9474694125,51,Female,nephrology,apollo hospitals,jubilee hills,10:00 AM-01:00 PM/4:00 PM-7:00 PM,Pot@123
DoctorI774,doctori774@gmail.com,9547017708,37,Female,cardiology,apollo hospitals,jubilee hills,10:00 AM-01:00 PM/4:00 PM-7:00 PM,Pot@123
DoctorG425,doctorg425@gmail.com,9967196225,49,Male,cardiology,apollo hospitals,jubilee hills,10:00 AM-01:00 PM/4:00 PM-7:00 PM,Pot@123
DoctorW718,doctorw718@gmail.com,9454744341,45,Female,gastroenterology,apollo hospitals,malakpet,10:00 AM-01:00 PM/4:00 PM-7:00 PM,Pot@123
DoctorE447,doctore447@gmail.com,9671979384,43,Female,gastroenterology,apollo hospitals,malakpet,10:00 AM-01:00 PM/4:00 PM-7:00 PM,Pot@123
DoctorA428,doctora428@gmail.com,9193686570,54,Female,oncology,apollo hospitals,malakpet,10:00 AM-01:00 PM/4:00 PM-7:00 PM,Pot@123
DoctorM628,doctorm628@gmail.com,9469935812,56,Male,oncology,apollo hospitals,malakpet,10:00 AM-01:00 PM/4:00 PM-7:00 PM,Pot@123
DoctorD303,doctord303@gmail.com,9354967215,35,Female,neurology,apollo hospitals,malakpet,10:00 AM-01:00 PM/4:00 PM-7:00 PM,Pot@123
DoctorG931,doctorg931@gmail.com,9979853353,57,Female,neurology,apollo hospitals,malakpet,10:00 AM-01:00 PM/4:00 PM-7:00 PM,Pot@123
DoctorX133,doctorx133@gmail.com,9386821191,48,Male,cardiology,apollo hospitals,malakpet,10:00 AM-01:00 PM/4:00 PM-7:00 PM,Pot@123
DoctorG236,doctorg236@gmail.com,9377282310,34,Female,cardiology,apollo hospitals,malakpet,10:00 AM-01:00 PM/4:00 PM-7:00 PM,Pot@123
DoctorE357,doctore357@gmail.com,9972159907,57,Female,gastroenterology,apollo hospitals,gachibowli,10:00 AM-01:00 PM/4:00 PM-7:00 PM,Pot@123
DoctorX386,doctorx386@gmail.com,9959284219,36,Male,gastroenterology,apollo hospitals,gachibowli,10:00 AM-01:00 PM/4:00 PM-7:00 PM,Pot@123
DoctorO121,doctoro121@gmail.com,9881027701,36,Male,nephrology,apollo hospitals,gachibowli,10:00 AM-01:00 PM/4:00 PM-7:00 PM,Pot@123
DoctorZ671,doctorz671@gmail.com,9160133069,30,Male,nephrology,apollo hospitals,gachibowli,10:00 AM-01:00 PM/4:00 PM-7:00 PM,Pot@123
DoctorL152,doctorl152@gmail.com,9761875533,41,Female,neurology,apollo hospitals,gachibowli,10:00 AM-01:00 PM/4:00 PM-7:00 PM,Pot@123
DoctorK619,doctork619@gmail.com,9375786291,57,Female,neurology,apollo hospitals,gachibowli,10:00 AM-01:00 PM/4:00 PM-7:00 PM,Pot@123
DoctorJ105,doctorj105@gmail.com,9485419360,41,Male,cardiology,apollo hospitals,gachibowli,10:00 AM-01:00 PM/4:00 PM-7:00 PM,Pot@123
DoctorM606,doctorm606@gmail.com,9759925766,30,Male,cardiology,apollo hospitals,gachibowli,10:00 AM-01:00 PM/4:00 PM-7:00 PM,Pot@123
DoctorY848,doctory848@gmail.com,9760745576,59,Female,oncology,kim's hospitals,banjara hills,10:00 AM-01:00 PM/4:00 PM-7:00 PM,Pot@123
DoctorD279,doctord279@gmail.com,9771601181,58,Female,oncology,kim's hospitals,banjara hills,10:00 AM-01:00 PM/4:00 PM-7:00 PM,Pot@123
DoctorB387,doctorb387@gmail.com,9731888503,33,Male,nephrology,kim's hospitals,banjara hills,10:00 AM-01:00 PM/4:00 PM-7:00 PM,Pot@123
DoctorG852,doctorg852@gmail.com,9208165690,37,Male,nephrology,kim's hospitals,banjara hills,10:00 AM-01:00 PM/4:00 PM-7:00 PM,Pot@123
DoctorZ572,doctorz572@gmail.com,9342309486,30,Male,neurology,kim's hospitals,banjara hills,10:00 AM-01:00 PM/4:00 PM-7:00 PM,Pot@123
DoctorJ946,doctorj946@gmail.com,9710629042,52,Male,neurology,kim's hospitals,banjara hills,10:00 AM-01:00 PM/4:00 PM-7:00 PM,Pot@123
DoctorG107,doctorg107@gmail.com,9254205279,58,Male,cardiology,kim's hospitals,banjara hills,10:00 AM-01:00 PM/4:00 PM-7:00 PM,Pot@123
DoctorH907,doctorh907@gmail.com,9597826960,54,Female,cardiology,kim's hospitals,banjara hills,10:00 AM-01:00 PM/4:00 PM-7:00 PM,Pot@123
DoctorW931,doctorw931@gmail.com,9855125687,35,Female,oncology,kim's hospitals,secunderabad,10:00 AM-01:00 PM/4:00 PM-7:00 PM,Pot@123
DoctorD943,doctord943@gmail.com,9175950875,37,Female,oncology,kim's hospitals,secunderabad,10:00 AM-01:00 PM/4:00 PM-7:00 PM,Pot@123
DoctorS658,doctors658@gmail.com,9358781382,54,Male,nephrology,kim's hospitals,secunderabad,10:00 AM-01:00 PM/4:00 PM-7:00 PM,Pot@123
DoctorG685,doctorg685@gmail.com,9865878203,44,Female,nephrology,kim's hospitals,secunderabad,10:00 AM-01:00 PM/4:00 PM-7:00 PM,Pot@123
DoctorL361,doctorl361@gmail.com,9237754682,37,Male,neurology,kim's hospitals,secunderabad,10:00 AM-01:00 PM/4:00 PM-7:00 PM,Pot@123
DoctorQ429,doctorq429@gmail.com,9222630688,41,Male,neurology,kim's hospitals,secunderabad,10:00 AM-01:00 PM/4:00 PM-7:00 PM,Pot@123
DoctorC254,doctorc254@gmail.com,9607153635,56,Female,cardiology,kim's hospitals,secunderabad,10:00 AM-01:00 PM/4:00 PM-7:00 PM,Pot@123
DoctorO194,doctoro194@gmail.com,9412284056,33,Male,cardiology,kim's hospitals,secunderabad,10:00 AM-01:00 PM/4:00 PM-7:00 PM,Pot@123
DoctorN940,doctorn940@gmail.com,9521304290,57,Female,gastroenterology,kim's hospitals,jubilee hills,10:00 AM-01:00 PM/4:00 PM-7:00 PM,Pot@123
DoctorW261,doctorw261@gmail.com,9546037779,32,Male,gastroenterology,kim's hospitals,jubilee hills,10:00 AM-01:00 PM/4:00 PM-7:00 PM,Pot@123
DoctorP318,doctorp318@gmail.com,9606922624,39,Female,oncology,kim's hospitals,jubilee hills,10:00 AM-01:00 PM/4:00 PM-7:00 PM,Pot@123
DoctorZ731,doctorz731@gmail.com,9870639277,54,Female,oncology,kim's hospitals,jubilee hills,10:00 AM-01:00 PM/4:00 PM-7:00 PM,Pot@123
DoctorY822,doctory822@gmail.com,9851856232,33,Male,nephrology,kim's hospitals,jubilee hills,10:00 AM-01:00 PM/4:00 PM-7:00 PM,Pot@123
DoctorE125,doctore125@gmail.com,9882338616,31,Female,nephrology,kim's hospitals,jubilee hills,10:00 AM-01:00 PM/4:00 PM-7:00 PM,Pot@123
DoctorT564,doctort564@gmail.com,9403872142,58,Female,cardiology,kim's hospitals,jubilee hills,10:00 AM-01:00 PM/4:00 PM-7:00 PM,Pot@123
DoctorA974,doctora974@gmail.com,9160441575,50,Male,cardiology,kim's hospitals,jubilee hills,10:00 AM-01:00 PM/4:00 PM-7:00 PM,Pot@123
DoctorM887,doctorm887@gmail.com,9314128955,60,Male,gastroenterology,kim's hospitals,malakpet,10:00 AM-01:00 PM/4:00 PM-7:00 PM,Pot@123
DoctorS242,doctors242@gmail.com,9222252955,36,Male,gastroenterology,kim's hospitals,malakpet,10:00 AM-01:00 PM/4:00 PM-7:00 PM,Pot@123
DoctorV437,doctorv437@gmail.com,9513153644,39,Male,oncology,kim's hospitals,malakpet,10:00 AM-01:00 PM/4:00 PM-7:00 PM,Pot@123
DoctorE164,doctore164@gmail.com,9611216833,53,Male,oncology,kim's hospitals,malakpet,10:00 AM-01:00 PM/4:00 PM-7:00 PM,Pot@123
DoctorM593,doctorm593@gmail.com,9314146797,41,Female,neurology,kim's hospitals,malakpet,10:00 AM-01:00 PM/4:00 PM-7:00 PM,Pot@123
DoctorK145,doctork145@gmail.com,9563045608,39,Male,neurology,kim's hospitals,malakpet,10:00 AM-01:00 PM/4:00 PM-7:00 PM,Pot@123
DoctorO262,doctoro262@gmail.com,9747325501,43,Male,cardiology,kim's hospitals,malakpet,10:00 AM-01:00 PM/4:00 PM-7:00 PM,Pot@123
DoctorV254,doctorv254@gmail.com,9721666375,32,Male,cardiology,kim's hospitals,malakpet,10:00 AM-01:00 PM/4:00 PM-7:00 PM,Pot@123
DoctorG258,doctorg258@gmail.com,9222241559,35,Female,gastroenterology,kim's hospitals,gachibowli,10:00 AM-01:00 PM/4:00 PM-7:00 PM,Pot@123
DoctorB271,doctorb271@gmail.com,9503405052,55,Male,gastroenterology,kim's hospitals,gachibowli,10:00 AM-01:00 PM/4:00 PM-7:00 PM,Pot@123
DoctorH121,doctorh121@gmail.com,9223770545,54,Female,nephrology,kim's hospitals,gachibowli,10:00 AM-01:00 PM/4:00 PM-7:00 PM,Pot@123
DoctorO511,doctoro511@gmail.com,9510686411,48,Female,nephrology,kim's hospitals,gachibowli,10:00 AM-01:00 PM/4:00 PM-7:00 PM,Pot@123
DoctorY487,doctory487@gmail.com,9569719081,45,Male,neurology,kim's hospitals,gachibowli,10:00 AM-01:00 PM/4:00 PM-7:00 PM,Pot@123
DoctorE769,doctore769@gmail.com,9215977636,47,Male,neurology,kim's hospitals,gachibowli,10:00 AM-01:00 PM/4:00 PM-7:00 PM,Pot@123
DoctorP490,doctorp490@gmail.com,9326653691,55,Male,cardiology,kim's hospitals,gachibowli,10:00 AM-01:00 PM/4:00 PM-7:00 PM,Pot@123
DoctorV139,doctorv139@gmail.com,9826164127,39,Female,cardiology,kim's hospitals,gachibowli,10:00 AM-01:00 PM/4:00 PM-7:00 PM,Pot@123
DoctorM531,doctorm531@gmail.com,9649004931,41,Female,oncology,care hospitals,banjara hills,10:00 AM-01:00 PM/4:00 PM-7:00 PM,Pot@123
DoctorG738,doctorg738@gmail.com,9881776003,41,Female,oncology,care hospitals,banjara hills,10:00 AM-01:00 PM/4:00 PM-7:00 PM,Pot@123
DoctorY625,doctory625@gmail.com,9485318669,50,Female,nephrology,care hospitals,banjara hills,10:00 AM-01:00 PM/4:00 PM-7:00 PM,Pot@123
DoctorW713,doctorw713@gmail.com,9609366894,41,Female,nephrology,care hospitals,banjara hills,10:00 AM-01:00 PM/4:00 PM-7:00 PM,Pot@123
DoctorL753,doctorl753@gmail.com,9970417442,41,Female,neurology,care hospitals,banjara hills,10:00 AM-01:00 PM/4:00 PM-7:00 PM,Pot@123
DoctorT939,doctort939@gmail.com,9460011089,56,Male,neurology,care hospitals,banjara hills,10:00 AM-01:00 PM/4:00 PM-7:00 PM,Pot@123
DoctorE422,doctore422@gmail.com,9738418132,60,Male,cardiology,care hospitals,banjara hills,10:00 AM-01:00 PM/4:00 PM-7:00 PM,Pot@123
DoctorT516,doctort516@gmail.com,9462139915,45,Female,cardiology,care hospitals,banjara hills,10:00 AM-01:00 PM/4:00 PM-7:00 PM,Pot@123
DoctorL699,doctorl699@gmail.com,9400515028,51,Male,oncology,care hospitals,secunderabad,10:00 AM-01:00 PM/4:00 PM-7:00 PM,Pot@123
DoctorV860,doctorv860@gmail.com,9477552652,49,Male,oncology,care hospitals,secunderabad,10:00 AM-01:00 PM/4:00 PM-7:00 PM,Pot@123
DoctorE621,doctore621@gmail.com,9901745360,37,Female,nephrology,care hospitals,secunderabad,10:00 AM-01:00 PM/4:00 PM-7:00 PM,Pot@123
DoctorE159,doctore159@gmail.com,9523737764,53,Male,nephrology,care hospitals,secunderabad,10:00 AM-01:00 PM/4:00 PM-7:00 PM,Pot@123
DoctorC963,doctorc963@gmail.com,9426505968,42,Female,neurology,care hospitals,secunderabad,10:00 AM-01:00 PM/4:00 PM-7:00 PM,Pot@123
DoctorI899,doctori899@gmail.com,9134761254,51,Male,neurology,care hospitals,secunderabad,10:00 AM-01:00 PM/4:00 PM-7:00 PM,Pot@123
DoctorS395,doctors395@gmail.com,9793357969,34,Male,cardiology,care hospitals,secunderabad,10:00 AM-01:00 PM/4:00 PM-7:00 PM,Pot@123
DoctorN842,doctorn842@gmail.com,9728345273,54,Male,cardiology,care hospitals,secunderabad,10:00 AM-01:00 PM/4:00 PM-7:00 PM,Pot@123
DoctorI452,doctori452@gmail.com,9743057481,32,Female,gastroenterology,care hospitals,jubilee hills,10:00 AM-01:00 PM/4:00 PM-7:00 PM,Pot@123
DoctorB997,doctorb997@gmail.com,9981333458,50,Male,gastroenterology,care hospitals,jubilee hills,10:00 AM-01:00 PM/4:00 PM-7:00 PM,Pot@123
DoctorH307,doctorh307@gmail.com,9604228842,38,Male,oncology,care hospitals,jubilee hills,10:00 AM-01:00 PM/4:00 PM-7:00 PM,Pot@123
DoctorR365,doctorr365@gmail.com,9453938312,43,Female,oncology,care hospitals,jubilee hills,10:00 AM-01:00 PM/4:00 PM-7:00 PM,Pot@123
DoctorK272,doctork272@gmail.com,9298035998,49,Male,nephrology,care hospitals,jubilee hills,10:00 AM-01:00 PM/4:00 PM-7:00 PM,Pot@123
DoctorD401,doctord401@gmail.com,9628724816,58,Female,nephrology,care hospitals,jubilee hills,10:00 AM-01:00 PM/4:00 PM-7:00 PM,Pot@123
DoctorH711,doctorh711@gmail.com,9978866110,34,Female,cardiology,care hospitals,jubilee hills,10:00 AM-01:00 PM/4:00 PM-7:00 PM,Pot@123
DoctorE393,doctore393@gmail.com,9234562229,50,Male,cardiology,care hospitals,jubilee hills,10:00 AM-01:00 PM/4:00 PM-7:00 PM,Pot@123
DoctorI530,doctori530@gmail.com,9890837105,52,Male,gastroenterology,care hospitals,malakpet,10:00 AM-01:00 PM/4:00 PM-7:00 PM,Pot@123
DoctorW858,doctorw858@gmail.com,9490803913,58,Male,gastroenterology,care hospitals,malakpet,10:00 AM-01:00 PM/4:00 PM-7:00 PM,Pot@123
DoctorS259,doctors259@gmail.com,9393783924,53,Female,oncology,care hospitals,malakpet,10:00 AM-01:00 PM/4:00 PM-7:00 PM,Pot@123
DoctorG464,doctorg464@gmail.com,9981486320,48,Female,oncology,care hospitals,malakpet,10:00 AM-01:00 PM/4:00 PM-7:00 PM,Pot@123
DoctorQ344,doctorq344@gmail.com,9788777169,50,Female,neurology,care hospitals,malakpet,10:00 AM-01:00 PM/4:00 PM-7:00 PM,Pot@123
DoctorH865,doctorh865@gmail.com,9814208318,38,Female,neurology,care hospitals,malakpet,10:00 AM-01:00 PM/4:00 PM-7:00 PM,Pot@123
DoctorG222,doctorg222@gmail.com,9754274374,57,Male,cardiology,care hospitals,malakpet,10:00 AM-01:00 PM/4:00 PM-7:00 PM,Pot@123
DoctorX994,doctorx994@gmail.com,9936054383,48,Female,cardiology,care hospitals,malakpet,10:00 AM-01:00 PM/4:00 PM-7:00 PM,Pot@123
DoctorJ746,doctorj746@gmail.com,9520734991,30,Male,gastroenterology,care hospitals,gachibowli,10:00 AM-01:00 PM/4:00 PM-7:00 PM,Pot@123
DoctorN571,doctorn571@gmail.com,9256459216,51,Female,gastroenterology,care hospitals,gachibowli,10:00 AM-01:00 PM/4:00 PM-7:00 PM,Pot@123
DoctorJ369,doctorj369@gmail.com,9781356573,35,Male,nephrology,care hospitals,gachibowli,10:00 AM-01:00 PM/4:00 PM-7:00 PM,Pot@123
DoctorK226,doctork226@gmail.com,9696254988,34,Female,nephrology,care hospitals,gachibowli,10:00 AM-01:00 PM/4:00 PM-7:00 PM,Pot@123
DoctorB837,doctorb837@gmail.com,9464087579,38,Male,neurology,care hospitals,gachibowli,10:00 AM-01:00 PM/4:00 PM-7:00 PM,Pot@123
DoctorC671,doctorc671@gmail.com,9277623126,46,Female,neurology,care hospitals,gachibowli,10:00 AM-01:00 PM/4:00 PM-7:00 PM,Pot@123
DoctorA117,doctora117@gmail.com,9234131576,53,Male,cardiology,care hospitals,gachibowli,10:00 AM-01:00 PM/4:00 PM-7:00 PM,Pot@123
DoctorU634,doctoru634@gmail.com,9363862845,42,Female,cardiology,care hospitals,gachibowli,10:00 AM-01:00 PM/4:00 PM-7:00 PM,Pot@123
